pair no.	pair	immediate segmental environment	cost
1	z-s	n_#	0.07
2	E-i	n_D	0.28
3	.-n	0_l	0.1
3	n-f	5_#	0.66
4	I-^	d_n	0.29
5	&-a	k_m	0.18
5	l-.	0_#	0.08
6	s-T	I_#	0.11
7	h-.	i_2	0.07
8	d-.	n_#	0.09
9	j-.	p_u	0.09
9	u-8	j_r	0.29
10	E-&	v_s	0.19
11	.-d	b_a	0.11
11	0-.	n_b	0.07
11	b-.	0_l	0.21
12	1-0	#_s	0.2
12	i-I	s_d	0.15
13	j-.	k_u	0.09
14	d-t	n_#	0.11
15	1-0	#_l	0.2
16	E-&	#_l	0.19
17	.-r	0_t	0.03
17	z-Z	i_0	0.38
18	h-.	#_O	0.07
18	O-0	w_r	0.25
19	O-0	w_r	0.25
20	O-5	k_z	0.26
20	z-s	O_#	0.07
21	v-b	#_E	0.18
21	r-l	E_I	0.11
21	l-.	k_5	0.08
22	i-I	b_n	0.15
23	z-s	3_t	0.07
23	.-r	0_0	0.03
24	j-b	#_a	0.66
25	.-r	b_i	0.03
26	E-7	C_r	0.29
27	C-S	#_i	0.15
28	1-3	k_n	0.28
29	E-a	k_m	0.27
30	n-.	0_t	0.1
30	t-k	n_r	0.14
31	&-0	k_n	0.24
32	^-5	k_v	0.28
32	0-9	v_r	0.29
32	.-t	r_#	0.07
33	p-k	#_9	0.23
34	s-k	#_9	0.27
35	D-d	#_I	0.05
36	E-I	d_s	0.2
36	s-z	E_I	0.07
36	I-.	s_m	0.11
37	.-d	#_2	0.11
38	&-E	#_l	0.2
39	&-a	r_?	0.18
40	a-5	r_J	0.27
40	J-.	a_0	0.52
40	0-.	J_n	0.07
40	.-i	n_0	0.13
41	I-i	#_n	0.1
41	n-.	I_t	0.1
42	I-E	#_f	0.21
42	f-v	I_0	0.17
42	d-n	0_I	0.38
42	I-E	d_z	0.21
42	z-s	I_0	0.07
43	h-.	#_i	0.07
43	w-v	i_I	0.08
44	E-&	f_l	0.19
45	s-f	#_E	0.27
45	E-i	s_k	0.28
46	.-l	f_7	0.06
47	.-0	n_.	0.04
47	.-t	._#	0.07
48	l-r	f_4	0.13
49	.-r	f_a	0.03
50	C-f	#_.	1
50	.-r	C_5	0.03
51	r-.	f_0	0.04
51	0-^	r_m	0.28
51	m-n	0_D	0.14
51	D-d	m_0	0.05
51	&-E	m_n	0.2
52	t-d	r_#	0.09
53	E-a	h_l	0.27
54	O-0	p_r	0.25
54	r-.	O_?	0.04
54	?-t	r_0	0.17
55	E-^	s_p	0.26
55	p-f	E_0	0.23
56	.-I	#_.	0.1
56	.-n	._v	0.1
57	&-u	J_v	0.3
57	.-0	v_l	0.04
57	l-n	._I	0.23
57	I-1	l_n	0.28
57	n-l	I_#	0.31
58	t-.	E_s	0.07
58	s-z	t_b	0.07
59	h-m	#_&	0.38
60	.-m	#_i	0.14
61	I-E	m_n	0.21
62	.-m	#_.	0.14
62	.-0	._r	0.04
62	z-s	5_#	0.07
63	v-z	4_0	0.52
64	O-&	n_?	0.27
65	.-k	I_.	0.1
65	.-0	._.	0.04
65	.-l	._#	0.06
66	a-i	n_n	0.29
66	n-.	a_#	0.1
67	m-n	#_I	0.14
68	d-n	#_^	0.38
69	5-a	#_l	0.25
69	l-.	5_d	0.08
70	r-0	p_0	1
70	0-.	r_t	1
71	0-O	#_r	0.27
71	4-I	r_n	0.28
72	a-&	p_s	0.23
73	1-0	n_l	0.2
74	.-p	#_.	0.16
74	.-l	._.	0.06
74	.-0	._t	0.04
75	.-p	#_.	0.16
75	.-0	._l	0.04
75	?-t	1_I	0.17
75	I-.	?_d	0.11
75	d-.	I_#	0.09
76	.-t	s_0	0.07
76	k-t	0_j	0.16
77	.-j	p_^	0.1
77	^-u	._b	0.28
77	l-.	b_I	0.08
78	k-p	#_j	0.24
79	.-k	#_.	0.1
79	.-w	._4	0.11
80	s-k	#_.	0.27
80	.-w	s_I	0.11
81	.-k	#_w	0.1
82	p-r	#_7	0.66
83	d-r	#_I	0.44
84	n-m	1_d	0.11
85	E-I	r_d	0.2
86	i-1	r_l	0.3
87	5-u	r_d	0.27
88	I-.	u_n	0.11
89	s-S	#_O	0.09
90	p-.	s_I	0.24
90	.-I	n_s	0.1
91	S-s	#_.	0.17
91	.-n	S_4	0.1
92	0-.	#_s	0.07
92	t-d	r_I	0.09
93	.-s	#_2	0.08
94	0-.	S_n	0.07
94	.-7	n_.	1
94	.-r	._.	0.03
94	.-I	._#	0.1
95	T-t	#_9	0.18
95	z-s	r_#	0.07
96	E-I	t_n	0.2
97	T-t	#_O	0.18
97	t-r	O_S	0.34
97	S-C	t_i	0.19
97	i-u	S_w	0.3
97	w-.	i_0	0.13
97	z-s	0_#	0.07
98	2-8	t_r	0.3
99	.-r	t_a	0.03
100	b-.	#_^	0.21
101	r-v	#_&	0.44
102	w-v	#_E	0.08
102	E-&	w_s	0.19
103	d-t	s_#	0.11
104	w-v	#_1	0.08
104	I-i	r_0	0.1
105	w-v	#_I	0.08
105	z-s	0_#	0.07
106	l-v	#_5	0.44
107	a-^	v_l	0.26
107	.-r	0_#	0.03
108	d-v	#_1	0.44
109	9-i	w_r	0.3
110	s-r	#_p	0.66
110	p-.	s_&	0.24
112	O-a	n_?	0.24
112	?-t	O_I	0.17
112	I-i	?_#	0.1
113	.-l	5_.	0.06
113	.-d	._b	0.11
113	5-3	b_z	0.29
114	.-i	d_0	0.13
114	.-n	0_p	0.1
115	t-k	s_5	0.14
116	5-&	p_s	0.29
116	0-&	m_n	0.23
117	.-0	k_r	0.04
117	I-i	t_#	0.1
118	s-S	r_0	0.09
118	0-i	s_r	0.3
119	1-0	#_m	0.2
119	.-i	b_0	0.13
119	N-n	0_#	0.14
120	.-r	a_D	0.03
121	f-.	I_T	0.44
121	T-t	f_#	0.18
122	D-j	n_0	1
122	0-u	D_w	0.26
122	I-E	w_n	0.21
123	.-n	0_t	0.1
124	0-I	1_n	0.01
124	n-N	0_#	0.19
125	n-r	#_1	0.31
126	t-d	&_#	0.09
127	0-I	l_n	0.01
127	n-.	0_t	0.1
128	r-w	#_2	0.14
130	4-1	m_0	0.27
130	0-.	4_n	0.07
130	4-1	n_z	0.27
131	.-l	b_1	0.06
132	l-d	#_I	0.44
133	.-E	#_s	0.38
134	.-r	a_#	0.03
135	I-i	#_C	0.1
136	r-.	a_m	0.04
136	r-.	0_#	0.04
137	r-l	0_u	0.11
138	p-f	m_#	0.23
139	4-0	#_?	0.28
139	?-t	4_I	0.17
139	I-i	?_d	0.1
140	a-5	g_s	0.27
141	^-a	w_n	0.21
142	h-.	t_5	0.07
143	a-u	g_n	0.29
144	4-3	r_d	0.29
145	2-u	b_t	0.29
146	l-n	0_5	0.23
147	1-0	#_w	0.2
147	w-v	1_a	0.08
147	a-O	w_n	0.25
148	g-b	#_0	0.44
148	m-g	0_O	0.66
149	h-w	#_2	0.38
150	t-p	#_I	0.18
151	d-.	#_r	0.09
152	T-j	#_&	1
153	h-j	#_E	0.44
154	T-z	#_I	0.66
155	d-b	&_0	0.21
156	0-4	#_k	0.28
156	9-0	k_r	0.29
157	m-.	#_&	0.19
157	t-k	&_r	0.14
158	.-k	&_l	0.1
158	l-r	._I	0.13
159	h-.	#_&	0.07
160	h-.	#_E	0.07
160	E-4	h_l	0.26
161	0-9	t_r	0.29
161	4-0	n_t	0.28
162	1-&	#_m	0.22
162	&-0	n_s	0.24
163	0-5	t_#	0.23
164	r-.	a_s	0.04
165	O-a	#_r	0.24
165	0-.	r_g	0.07
166	h-.	#_O	0.07
166	O-a	h_r	0.24
167	k-p	s_I	0.24
167	I-0	k_n	0
168	g-.	#_r	0.38
168	r-.	g_&	0.04
169	E-&	#_k	0.19
170	.-r	0_#	0.03
171	4-a	n_J	0.29
171	J-Z	4_#	0.31
172	^-0	g_l	0.27
173	I-0	b_n	0
173	E-&	n_n	0.19
173	I-0	n_#	0
174	9-a	b_r	0.29
175	4-0	g_n	0.28
176	&-E	b_k	0.2
177	I-i	g_n	0.1
178	.-0	b_r	0.04
179	9-E	b_r	0.29
180	.-t	I_#	0.07
181	1-0	m_.	0.2
181	.-r	1_#	0.03
182	O-5	b_r	0.26
182	r-.	O_n	0.04
183	h-.	d_E	0.07
184	a-9	b_r	0.29
185	T-n	r_I	1
186	a-&	k_r	0.23
186	O-0	r_t	0.25
187	a-O	k_r	0.25
187	r-.	a_k	0.04
188	h-.	t_O	0.07
189	i-7	C_r	0.29
190	a-7	C_r	0.29
190	I-0	m_N	0
190	N-n	I_#	0.14
191	C-S	#_&	0.15
191	?-d	n_0	0.12
191	k-.	0_l	0.18
192	.-l	0_r	0.06
193	k-C	#_a	0.38
194	S-C	#_5	0.19
194	5-2	S_d	0.29
195	S-C	#_^	0.19
195	v-b	^_#	0.18
196	^-a	k_m	0.21
197	d-v	n_0	0.44
197	n-r	0_s	0.31
198	h-k	#_2	0.38
199	.-r	k_&	0.03
200	l-r	k_&	0.13
201	.-r	k_i	0.03
202	i-I	r_m	0.15
202	I-0	m_n	0
202	O-0	n_l	0.25
203	O-^	k_r	0.28
203	r-.	O_J	0.04
204	p-b	m_0	0.14
205	a-&	d_l	0.23
205	r-.	0_z	0.04
205	z-s	r_#	0.07
206	^-&	d_n	0.27
207	b-d	#_i	0.38
208	w-d	#_E	1
209	r-d	#_I	0.29
210	D-d	#_I	0.05
210	s-S	I_I	0.09
211	1-&	v_n	0.22
212	0-&	m_n	0.23
212	n-.	0_t	0.1
213	.-r	d_u	0.03
213	t-d	I_#	0.09
214	I-0	n_T	0
215	t-k	s_#	0.14
216	D-d	#_0	0.05
216	0-I	D_b	0.01
216	U-0	b_k	0.28
217	k-g	i_w	0.1
217	w-.	k_0	0.13
218	h-.	#_6	0.07
219	w-.	#_i	0.13
220	j-.	#_u	0.09
220	u-i	j_s	0.3
220	.-r	0_#	0.03
221	I-E	#_t	0.21
221	t-.	I_s	0.07
221	s-S	t_0	0.09
221	N-n	a_#	0.14
222	k-t	s_0	0.16
222	0-I	k_.	0.01
222	.-k	0_#	0.1
223	0-i	#_j	0.24
223	j-.	0_O	0.09
223	O-0	j_n	0.25
224	9-E	d_r	0.29
224	r-.	9_m	0.04
225	g-t	0_r	0.66
225	r-.	g_&	0.04
225	m-f	&_#	0.44
226	J-g	r_#	0.66
227	.-0	k_l	0.04
228	I-E	#_f	0.21
229	.-f	#_4	0.27
230	a-&	f_r	0.23
230	r-.	a_m	0.04
230	N-n	I_#	0.14
231	I-1	l_n	0.28
232	I-.	n_S	0.11
232	S-C	I_#	0.19
233	T-f	#_I	0.24
234	.-j	f_O	0.1
235	r-l	f_E	0.11
236	9-5	l_r	0.3
236	r-.	9_t	0.04
237	0-.	f_r	0.07
237	r-.	0_5	0.04
238	2-a	f_n	0.27
238	d-t	n_#	0.11
239	d-.	n_z	0.09
239	i-I	z_#	0.15
240	r-.	g_2	0.04
241	0-1	t_l	0.29
242	t-b	a_#	0.44
243	a-I	g_?	0.28
243	?-t	a_0	0.17
243	0-a	?_.	0.24
243	.-r	0_#	0.03
244	z-C	l_#	1
245	f-p	l_#	0.21
246	E-4	h_l	0.26
247	E-4	h_l	0.26
248	.-h	#_&	0.08
249	.-h	#_a	0.08
249	a-&	._m	0.23
250	.-r	a_m	0.03
251	t-?	r_.	0.21
251	.-0	t_b	0.04
251	.-s	i_t	0.08
252	.-l	E_m	0.06
253	k-h	#_O	0.34
254	2-O	h_.	0.3
254	.-r	2_s	0.03
255	I-i	1_n	0.1
256	4-1	#_k	0.27
256	O-a	k_r	0.24
256	r-.	O_n	0.04
257	h-.	#_1	0.07
258	1-I	#_m	0.28
258	m-g	1_g	0.66
258	g-w	m_a	1
259	I-E	s_s	0.21
260	d-t	a_#	0.11
261	E-0	k_t	0.23
262	C-J	#_i	0.18
263	^-E	J_s	0.29
264	r-J	#_I	0.38
264	k-g	I_S	0.1
264	S-s	k_O	0.17
265	^-a	J_g	0.21
266	z-s	u_#	0.07
267	I-.	l_p	0.11
267	r-.	0_#	0.04
268	.-0	g_r	0.04
269	u-I	b_t	0.29
270	&-I	k_n	0.28
271	s-S	r_#	0.09
272	&-I	k_C	0.28
273	E-&	l_?	0.19
274	r-.	0_#	0.04
275	C-J	E_0	0.18
276	s-k	0_I	0.27
276	I-O	s_.	0.3
276	.-n	I_#	0.1
277	t-.	E_s	0.07
278	U-I	l_k	0.29
278	k-g	U_w	0.1
278	w-.	k_0	0.13
279	2-0	m_s	0.29
280	w-l	#_I	0.44
281	9-0	k_r	0.29
281	r-.	9_s	0.04
281	.-t	s_#	0.07
282	s-l	#_a	0.66
283	.-n	g_0	0.1
284	.-m	#_&	0.14
285	r-l	0_I	0.11
286	^-a	w_n	0.21
286	.-0	n_#	0.04
287	^-a	m_.	0.21
287	.-r	^_m	0.03
287	O-0	m_t	0.25
288	^-&	m_s	0.27
288	r-.	0_d	0.04
289	d-m	#_4	0.66
290	s-z	I_0	0.07
291	0-5	m_m	0.23
291	5-0	?_.	0.25
291	.-m	5_#	0.14
292	.-0	n_s	0.04
292	0-7	t_r	0.29
293	&-a	m_n	0.18
293	n-N	&_g	0.19
294	^-u	m_s	0.28
295	?-t	r_I	0.17
295	I-a	?_.	0.28
295	.-r	I_f	0.03
296	^-a	m_s	0.21
296	s-T	^_#	0.11
297	.-l	^_C	0.06
298	w-z	^_I	1
298	I-0	w_l	0
299	I-.	u_t	0.11
300	&-I	n_n	0.28
301	5-a	#_z	0.25
301	z-s	5_0	0.07
301	a-0	l_t	0.26
302	1-3	#_l	0.28
303	&-a	#_m	0.18
303	j-.	m_u	0.09
303	u-.	j_l	1
304	d-n	a_0	0.38
304	w-m	0_a	1
304	a-&	w_n	0.23
304	n-?	a_0	1
304	.-0	i_#	0.04
305	h-.	#_5	0.07
305	1-0	p_l	0.2
306	p-.	#_O	0.24
306	g-J	r_I	0.44
307	E-0	v_r	0.23
309	4-I	r_J	0.28
310	I-0	t_l	0
311	s-T	I_#	0.11
312	4-1	l_0	0.27
313	f-p	#_0	0.21
313	0-a	f_r	0.24
313	r-.	0_s	0.04
313	^-0	s_m	0.27
314	^-a	s_m	0.21
314	b-.	m_0	0.21
315	z-S	I_m	0.31
315	E-0	m_n	0.23
316	.-0	1_r	0.04
316	s-.	0_#	0.1
317	.-w	k_a	0.11
318	.-k	#_w	0.1
318	^-a	w_n	0.21
318	&-0	d_m	0.24
319	h-.	r_&	0.07
319	&-4	h_p	0.27
320	I-i	r_p	0.1
321	k-g	N_0	0.1
322	I-i	r_f	0.1
322	9-0	f_r	0.29
323	d-l	i_I	0.34
324	.-j	f_0	0.1
324	0-U	._r	0.29
324	r-J	0_i	0.38
325	v-b	I_0	0.18
325	.-d	l_r	0.11
326	.-0	k_S	0.04
326	O-4	S_#	0.29
327	S-s	^_t	0.17
328	5-0	s_f	0.25
328	.-I	r_#	0.1
329	^-a	s_m	0.21
330	.-s	#_k	0.08
330	.-r	k_O	0.03
331	t-k	s_r	0.14
332	i-0	d_m	0.26
332	E-0	m_n	0.23
333	4-E	s_m	0.28
333	b-.	m_0	0.21
334	t-n	0_7	0.34
335	.-0	n_t	0.04
335	O-0	t_r	0.25
336	i-.	S_&	0.29
337	i-I	S_E	0.15
337	E-.	i_v	1
338	s-S	#_5	0.09
338	a-0	f_r	0.26
339	.-t	r_#	0.07
340	a-O	S_.	0.25
340	.-r	a_t	0.03
341	5-a	S_.	0.25
341	.-t	5_g	0.07
342	.-I	s_m	0.1
342	1-0	m_l	0.2
342	.-i	l_#	0.13
343	d-t	l_#	0.11
344	D-d	5_0	0.05
345	O-a	s_D	0.24
345	D-d	O_0	0.05
346	.-w	s_a	0.11
346	I-4	r_#	0.28
347	E-a	s_l	0.27
347	l-.	E_f	0.08
348	.-s	#_.	0.08
348	.-p	._E	0.16
348	s-.	E_k	0.1
348	.-j	k_0	0.1
349	5-9	t_.	0.29
349	.-r	5_n	0.03
351	w-.	m_^	0.13
351	^-0	w_n	0.27
352	0-i	t_b	0.24
353	d-t	n_.	0.11
353	.-r	d_0	0.03
354	D-t	#_7	0.18
354	7-9	D_r	0.29
355	I-.	5_t	0.11
356	T-t	#_I	0.18
357	r-.	a_g	0.04
358	^-a	t_g	0.21
359	d-t	#_a	0.11
360	^-a	t_n	0.21
360	u-0	S_r	0.3
361	O-0	1_l	0.25
362	.-t	#_.	0.07
362	.-r	._2	0.03
363	J-C	r_I	0.2
364	u-U	j_r	0.29
365	w-v	#_i	0.08
366	w-v	#_E	0.08
366	E-&	w_n	0.19
367	m-v	#_0	1
368	l-v	#_&	0.44
369	f-v	#_i	0.17
370	.-v	#_.	0.34
370	.-0	._.	0.04
370	.-r	._m	0.03
371	J-Z	r_0	0.31
372	w-v	#_1	0.08
373	w-v	#_a	0.08
373	t-d	a_k	0.09
374	t-.	4_f	0.07
375	h-w	#_I	0.38
376	E-i	w_n	0.28
377	n-w	#_I	0.52
378	E-I	w_n	0.2
379	I-E	r_C	0.21
379	0-I	C_r	0.01
379	r-.	0_d	0.04
380	?-D	1_I	1
381	h-j	#_i	0.44
381	i-.	h_O	0.29
381	O-a	i_t	0.24
382	u-a	j_r	0.29
382	a-.	r_n	0.66
383	h-j	#_E	0.44
384	d-k	5_0	0.34
385	s-z	#_E	0.07
386	s-z	#_I	0.07
387	s-z	#_^	0.07
387	^-a	s_m	0.21
388	s-z	#_2	0.07
390	0-O	#_l	0.27
390	.-r	0_#	0.03
404	k-t	#_r	0.16
405	s-.	b_0	0.1
406	.-d	&_m	0.11
406	j-.	m_u	0.09
406	u-0	j_n	0.28
407	I-0	#_l	0
408	a-5	m_n	0.27
408	E-0	j_t	0.23
408	t-.	E_#	0.07
409	0-&	#_n	0.23
410	.-k	s_E	0.1
411	s-.	#_0	0.1
411	v-.	r_1	0.17
412	.-p	s_#	0.16
413	s-b	0_u	0.66
414	.-r	0_E	0.03
414	E-I	._t	0.2
415	^-O	b_b	0.28
416	d-b	#_4	0.21
417	p-b	#_i	0.14
418	N-n	i_z	0.14
419	a-i	b_r	0.3
420	^-I	b_g	0.27
421	1-a	l_n	0.23
422	E-4	r_d	0.26
423	0-a	r_z	0.24
423	z-Z	0_6	0.38
423	i-0	z_r	0.29
424	d-.	E_T	0.09
425	d-b	#_r	0.21
426	s-.	E_t	0.1
426	t-T	s_s	0.2
427	k-g	5_0	0.1
428	l-r	b_u	0.13
429	n-N	^_d	0.19
429	d-g	n_0	0.44
430	I-U	b_C	0.3
431	m-k	#_&	0.66
432	t-p	r_#	0.18
433	p-m	I_i	0.66
433	d-?	i_.	0.18
433	.-0	d_.	0.04
433	.-r	._#	0.03
434	.-m	I_p	0.14
435	&-I	C_n	0.28
435	.-t	n_s	0.07
436	r-l	k_2	0.11
437	d-.	l_#	0.09
438	d-t	l_#	0.11
439	m-n	a_p	0.14
439	p-d	m_l	1
439	l-.	p_I	0.08
440	.-0	k_.	0.04
440	.-n	._w	0.1
440	w-J	._E	0.66
441	h-k	#_5	0.38
442	C-k	#_a	0.52
442	a-O	C_r	0.25
442	g-s	r_0	1
442	0-I	g_z	0.01
442	z-t	0_#	1
443	s-t	r_a	0.44
443	a-E	s_Z	0.29
444	g-k	#_r	0.11
445	k-?	I_I	0.66
445	t-k	I_#	0.14
446	C-k	#_.	0.52
446	.-r	C_u	0.03
447	O-^	r_l	0.28
448	d-b	^_#	0.21
449	J-z	I_#	1
450	O-9	k_r	0.29
451	D-d	#_0	0.05
451	0-I	D_l	0.01
452	D-d	#_0	0.05
452	0-I	D_p	0.01
453	E-I	d_n	0.2
454	I-1	d_n	0.28
454	r-.	0_s	0.04
455	u-5	d_#	0.27
456	l-d	#_a	0.44
457	t-d	#_2	0.09
458	.-r	d_&	0.03
459	O-u	r_l	0.29
460	n-N	^_#	0.19
461	3-9	#_.	0.3
461	.-r	3_l	0.03
462	j-.	#_6	0.09
463	h-.	#_i	0.07
464	r-l	I_E	0.11
465	k-f	0_w	0.44
465	w-.	k_0	0.13
466	&-E	#_m	0.2
467	0-i	#_p	0.24
467	t-.	s_0	0.07
468	I-E	#_C	0.21
469	D-T	i_0	0.23
470	.-r	6_#	0.03
471	p-f	#_a	0.23
472	&-O	f_s	0.29
473	D-v	r_0	0.38
474	w-f	#_1	0.34
475	.-n	I_S	0.1
475	S-C	._#	0.19
476	g-S	I_j	1
476	j-.	g_0	0.09
477	v-f	#_.	0.14
477	.-l	v_1	0.06
478	h-f	#_5	0.52
479	4-3	f_b	0.29
480	T-t	r_#	0.18
481	O-2	f_l	0.29
482	u-2	f_l	0.29
483	E-a	r_n	0.27
484	.-f	#_j	0.27
485	.-m	4_#	0.14
486	0-3	g_l	0.3
487	f-g	#_u	0.52
488	d-g	#_.	0.44
488	.-l	d_&	0.06
489	.-g	#_r	0.18
489	r-l	._u	0.11
490	r-.	a_d	0.04
491	w-g	#_9	0.66
491	9-O	w_r	0.29
492	4-1	r_p	0.27
493	k-g	#_.	0.1
493	.-r	k_3	0.03
494	5-2	r_s	0.29
495	k-h	#_4	0.34
496	4-&	h_s	0.27
496	s-S	4_t	0.09
496	t-.	s_#	0.07
497	S-h	#_i	0.66
498	7-E	h_r	0.28
498	1-I	r_s	0.28
498	i-I	s_#	0.15
499	l-h	#_I	1
500	5-O	h_.	0.28
500	.-r	5_z	0.03
500	z-s	._I	0.07
501	E-^	h_l	0.26
502	n-r	0_#	0.31
503	I-9	h_.	0.3
503	.-r	I_?	0.03
504	b-.	#_1	0.21
505	m-.	#_I	0.19
506	.-I	#_.	0.1
506	.-m	._p	0.14
507	.-r	0_d	0.03
507	.-t	k_#	0.07
508	.-I	#_.	0.1
508	.-n	._v	0.1
509	w-.	#_9	0.13
510	h-.	k_E	0.07
510	E-0	h_l	0.23
511	r-J	#_&	0.38
512	t-J	#_I	1
513	b-J	#_^	1
514	d-t	l_#	0.11
515	s-.	#_k	0.1
516	^-0	d_m	0.27
517	p-k	#_I	0.23
518	&-E	J_s	0.2
519	&-I	l_m	0.28
520	.-d	n_0	0.11
521	t-p	s_#	0.18
522	l-.	0_m	0.08
523	E-a	l_J	0.27
524	m-l	#_u	0.38
525	a-^	l_s	0.26
526	t-k	I_4	0.14
527	h-.	n_u	0.07
527	u-0	h_p	0.28
528	1-I	m_l	0.28
529	&-I	m_r	0.28
529	I-a	r_J	0.28
529	J-Z	I_#	0.31
530	I-.	5_n	0.11
531	.-t	5_s	0.07
532	&-a	m_n	0.18
533	.-k	s_#	0.1
534	I-^	m_s	0.29
535	.-r	a_k	0.03
536	z-s	i_#	0.07
537	l-n	#_1	0.23
538	t-d	5_#	0.09
539	w-n	#_^	0.52
540	h-n	#_O	0.52
541	0-&	v_n	0.23
542	7-&	p_r	0.26
542	t-k	0_I	0.14
542	I-i	t_t	0.1
543	.-t	0_s	0.07
544	n-.	0_t	0.1
545	^-O	p_n	0.28
546	5-E	p_s	0.29
547	.-r	f_4	0.03
548	n-.	0_t	0.1
548	i-I	t_#	0.15
549	w-p	#_I	1
550	f-p	#_u	0.21
551	0-u	p_r	0.26
551	I-i	r_#	0.1
552	a-E	r_p	0.29
553	n-m	0_#	0.11
554	g-p	#_^	0.66
555	b-p	#_^	0.16
556	.-r	1_.	0.03
556	.-5	._m	0.24
557	.-w	k_4	0.11
558	b-k	#_.	0.52
558	.-w	b_&	0.11
558	&-O	._r	0.29
559	.-k	#_w	0.1
560	i-7	w_r	0.29
560	.-I	r_#	0.1
561	.-k	#_w	0.1
562	.-k	#_w	0.1
563	g-k	#_.	0.11
563	.-w	g_I	0.11
564	h-r	#_&	0.66
565	.-r	#_.	0.03
565	.-&	._.	0.52
565	.-k	._m	0.1
565	^-O	n_f	0.28
566	T-f	i_#	0.24
567	v-z	E_0	0.52
568	p-b	I_a	0.14
569	5-a	b_t	0.25
570	b-r	#_U	0.66
571	t-.	#_r	0.07
572	&-^	r_p	0.28
573	5-u	r_z	0.27
574	I-^	r_s	0.29
575	&-E	#_s	0.2
576	.-I	l_v	0.1
577	.-0	s_r	0.04
578	t-k	s_a	0.14
579	.-s	#_h	0.08
579	h-k	._a	0.38
579	0-I	l_t	0.01
580	S-s	#_.	0.17
580	.-k	S_9	0.1
580	9-7	._r	0.3
581	S-s	#_.	0.17
581	.-k	S_r	0.1
582	u-a	r_d	0.3
583	C-S	#_E	0.15
584	a-5	S_t	0.27
585	J-s	#_I	1
586	T-s	#_I	0.25
587	0-a	?_r	0.24
588	S-s	#_.	0.17
588	.-n	S_4	0.1
589	7-O	n_r	0.29
590	.-s	#_.	0.08
590	.-p	._1	0.16
591	a-O	p_.	0.25
591	.-r	a_t	0.03
592	.-s	#_k	0.08
592	.-w	k_I	0.11
593	^-a	t_k	0.21
594	.-s	#_w	0.08
595	O-&	t_.	0.27
595	.-l	O_k	0.06
596	m-t	#_&	1
597	p-t	#_4	0.31
598	1-i	t_m	0.28
599	0-.	t_i	0.07
600	s-z	n_#	0.07
601	I-O	r_l	0.3
602	r-t	#_1	0.52
603	n-t	#_1	0.66
603	n-m	1_#	0.11
604	n-m	0_#	0.11
605	b-t	#_^	0.38
606	k-f	1_u	0.44
607	r-.	#_^	0.04
607	.-r	0_#	0.03
608	O-u	j_r	0.29
609	.-t	I_#	0.07
610	b-v	#_4	0.44
611	b-v	#_1	0.44
611	.-t	k_#	0.07
612	s-.	#_p	0.1
612	p-v	s_1	0.66
613	0-.	1_l	0.07
613	I-.	l_n	0.11
613	n-.	I_z	0.1
614	w-v	#_I	0.08
615	f-v	#_a	0.17
616	f-v	#_O	0.17
616	O-5	f_l	0.26
617	9-O	w_r	0.29
618	t-h	#_8	1
618	u-O	t_r	0.29
619	l-w	#_1	0.25
620	v-w	#_1	1
621	w-r	#_I	0.21
622	s-T	u_#	0.11
623	s-z	#_i	0.07
623	i-I	s_n	0.15
631	.-s	#_t	0.08
632	0-E	t_r	0.26
632	r-l	0_#	0.11
633	.-h	0_E	0.08
633	v-f	E_0	0.14
634	h-.	p_I	0.07
635	h-.	#_I	0.07
635	I-&	h_m	0.26
636	.-O	g_r	0.52
636	I-0	r_#	0
637	^-a	b_.	0.21
637	.-r	^_?	0.03
638	.-l	b_&	0.06
639	I-1	d_l	0.28
639	1-4	l_?	0.26
640	.-d	#_r	0.11
641	&-^	r_g	0.28
642	n-.	#_E	0.1
642	s-m	E_0	1
642	0-I	s_s	0.01
643	u-3	f_l	0.3
644	T-f	#_r	0.24
645	.-g	#_&	0.18
646	r-.	0_z	0.04
646	z-s	r_#	0.07
647	k-.	#_0	0.18
647	0-I	k_n	0.01
648	g-t	I_4	0.66
649	.-z	E_b	0.25
649	.-i	b_0	0.13
649	i-.	n_z	0.29
649	z-.	i_#	0.21
650	O-5	#_f	0.26
650	f-v	O_0	0.17
651	r-w	k_4	0.14
651	I-1	z_#	0.28
652	.-k	#_.	0.1
652	.-w	._i	0.11
653	d-k	#_.	0.34
653	.-w	d_6	0.11
654	5-u	r_m	0.27
654	n-.	&_?	0.1
655	h-t	#_a	0.44
656	s-S	n_E	0.09
657	z-D	5_d	0.44
658	E-I	m_n	0.2
659	E-^	m_s	0.26
660	b-p	#_O	0.16
661	^-&	r_f	0.27
662	4-i	r_p	0.27
663	l-n	E_0	0.23
663	?-d	4_I	0.12
664	^-E	S_t	0.29
664	t-d	^_#	0.09
665	.-J	n_d	0.34
666	^-O	f_.	0.28
666	.-r	^_k	0.03
667	I-i	k_l	0.1
668	.-0	#_k	0.04
669	d-.	#_I	0.09
669	I-0	d_n	0
669	n-b	I_a	0.52
670	E-4	#_g	0.26
670	g-k	E_z	0.11
670	z-s	g_#	0.07
671	E-O	#_l	0.3
672	E-&	#_l	0.19
672	0-I	l_v	0.01
672	v-g	0_4	0.66
673	&-4	#_n	0.27
674	&-4	#_N	0.27
674	N-n	&_g	0.14
674	g-J	N_0	0.44
675	l-.	#_&	0.08
676	m-.	#_&	0.19
677	n-b	#_i	0.52
678	r-l	b_E	0.11
679	p-b	#_l	0.14
679	l-r	p_4	0.13
680	J-b	#_^	0.66
681	U-^	b_S	0.28
681	S-s	U_#	0.17
682	r-b	#_1	0.66
683	h-.	S_u	0.07
684	l-.	O_z	0.08
685	v-.	l_z	0.17
686	7-a	C_r	0.29
687	k-C	#_4	0.38
687	4-&	k_.	0.27
687	.-s	4_a	0.08
687	a-i	._s	0.29
687	s-.	a_#	0.1
688	m-C	#_&	1
689	.-l	k_I	0.06
690	g-k	#_5	0.11
691	5-a	k_m	0.25
692	.-k	#_I	0.1
692	I-0	._n	0
693	z-s	I_#	0.07
694	.-r	O_z	0.03
695	O-a	k_r	0.24
695	.-0	r_n	0.04
696	t-k	#_.	0.14
696	.-r	t_1	0.03
697	.-r	k_O	0.03
697	O-^	._l	0.28
697	z-.	r_#	0.21
698	.-k	#_j	0.1
698	.-i	n_0	0.13
699	9-1	s_r	0.29
699	r-.	9_k	0.04
700	.-d	#_I	0.11
701	.-d	#_I	0.11
701	I-i	._n	0.1
701	n-.	I_v	0.1
701	v-t	n_E	0.66
702	.-d	#_2	0.11
703	t-d	#_^	0.09
704	w-.	#_i	0.13
705	I-E	#_l	0.21
706	h-.	#_E	0.07
707	i-E	#_l	0.29
707	E-0	l_k	0.23
707	t-.	k_r	0.07
707	r-.	t_0	0.04
707	0-.	r_k	0.07
707	k-.	0_j	0.18
708	m-.	#_E	0.19
709	.-i	#_m	0.13
710	0-E	#_h	0.26
710	h-n	0_&	0.52
711	b-.	#_1	0.21
711	1-E	b_.	0.28
711	.-n	1_s	0.1
711	.-l	k_.	0.06
711	.-I	._.	0.1
711	.-k	._0	0.1
712	i-E	#_r	0.29
712	.-r	0_#	0.03
713	s-.	#_0	0.1
713	0-E	s_k	0.26
714	t-d	4_#	0.09
715	O-a	f_r	0.24
716	.-n	E_D	0.1
716	D-d	._0	0.05
717	D-?	E_0	0.23
718	.-l	f_&	0.06
719	9-a	f_r	0.29
719	r-.	9_D	0.04
719	D-d	r_0	0.05
720	J-f	#_.	1
720	.-j	J_U	0.1
721	9-&	g_r	0.29
721	r-.	9_l	0.04
722	&-E	J_m	0.2
723	I-.	n_t	0.11
723	t-?	I_0	0.21
723	0-1	t_l	0.29
724	r-g	#_I	0.52
725	b-g	#_l	0.31
726	.-r	g_4	0.03
727	k-g	#_l	0.1
727	l-r	k_&	0.13
728	k-g	#_r	0.1
729	t-d	l_#	0.09
730	f-h	#_7	0.38
731	.-m	l_#	0.14
732	2-5	h_s	0.29
732	s-z	2_#	0.07
733	n-h	#_5	0.52
734	d-l	I_0	0.34
735	r-s	0_#	0.44
736	&-^	h_N	0.28
737	l-.	f_0	0.08
737	.-r	0_m	0.03
738	C-J	#_E	0.18
739	l-J	#_I	1
740	1-a	n_t	0.23
741	v-b	&_.	0.18
741	.-r	v_0	0.03
741	t-d	0_O	0.09
741	I-.	r_z	0.11
742	b-.	#_r	0.21
742	r-l	b_i	0.11
743	v-n	I_I	1
743	I-0	v_N	0
743	N-n	I_#	0.14
744	w-l	#_u	0.44
745	.-r	O_#	0.03
746	n-m	#_4	0.11
746	m-n	4_#	0.14
747	z-s	n_#	0.07
748	&-i	m_?	0.3
749	.-0	n_.	0.04
749	.-r	._I	0.03
749	I-E	._t	0.21
750	n-l	a_0	0.31
750	0-I	n_k	0.01
750	.-j	k_0	0.1
750	0-u	._l	0.26
751	^-5	m_n	0.28
751	I-4	n_#	0.28
752	m-n	^_I	0.14
753	0-5	m_n	0.23
753	?-g	a_0	0.66
753	n-m	0_I	0.11
754	E-I	n_s	0.2
754	t-.	s_#	0.07
755	g-n	#_&	1
756	b-n	#_&	0.66
758	.-n	#_1	0.1
758	1-a	._d	0.23
758	d-n	1_E	0.38
759	0-5	#_d	0.23
759	O-0	d_r	0.25
760	.-h	p_0	0.08
760	0-5	._l	0.23
761	r-p	#_I	0.52
761	I-0	r_.	0
761	.-r	I_z	0.03
761	z-s	._I	0.07
762	.-0	i_n	0.04
763	.-0	k_.	0.04
763	.-r	._0	0.03
764	0-5	l_r	0.23
764	r-.	0_#	0.04
765	k-.	I_C	0.18
766	s-p	#_I	1
767	f-p	#_.	0.21
767	.-l	f_4	0.06
768	.-p	#_.	0.16
768	.-l	._&	0.06
768	l-.	&_?	0.08
769	.-l	p_a	0.06
770	&-u	p_d	0.3
771	I-.	5_.	0.11
771	.-l	I_t	0.06
772	z-s	u_#	0.07
773	s-r	#_i	0.66
774	z-s	i_0	0.07
774	n-s	0_#	1
775	C-J	I_I	0.18
775	.-d	I_z	0.11
776	u-5	r_m	0.27
777	E-^	r_n	0.26
778	.-k	s_&	0.1
779	t-k	s_a	0.14
780	p-k	s_.	0.23
780	.-r	p_i	0.03
781	.-n	E_d	0.1
781	d-?	._0	0.18
782	.-s	#_i	0.08
783	a-&	S_k	0.23
784	I-&	v_n	0.26
785	.-r	S_I	0.03
786	.-s	#_r	0.08
786	r-l	._^	0.11
787	n-m	s_&	0.11
788	.-I	4_n	0.1
788	n-N	._#	0.19
789	.-s	#_t	0.08
789	t-p	._r	0.18
790	a-7	t_r	0.29
791	.-s	#_k	0.08
791	k-t	._I	0.16
792	m-k	r_#	0.66
793	E-2	r_s	0.3
794	k-t	s_1	0.16
795	t-d	i_#	0.09
796	E-I	s_l	0.2
797	O-a	t_l	0.24
797	^-U	m_d	0.29
798	d-T	#_r	0.66
798	r-.	d_O	0.04
799	4-1	t_l	0.27
800	m-n	1_#	0.14
801	1-4	r_0	0.26
801	0-.	1_l	0.07
802	.-r	t_E	0.03
802	t-d	n_#	0.09
803	.-v	#_E	0.34
803	E-&	._m	0.19
804	f-v	#_O	0.17
805	w-v	#_I	0.08
805	I-E	w_s	0.21
806	w-v	#_4	0.08
806	4-i	w_1	0.27
807	r-v	#_I	0.44
807	k-t	I_u	0.16
808	p-.	#_l	0.24
808	l-w	p_4	0.25
809	h-w	#_E	0.38
809	m-d	E_l	0.44
810	.-w	#_i	0.11
811	p-k	s_0	0.23
812	a-O	h_r	0.25
812	0-.	r_s	0.07
813	z-f	1_#	1
814	.-r	d_5	0.03
815	l-j	#_9	0.25
816	d-b	r_0	0.21
819	E-U	p_l	0.3
819	.-k	l_0	0.1
819	0-5	._#	0.23
820	h-.	#_i	0.07
820	.-I	i_d	0.1
821	1-&	#_g	0.22
821	a-I	g_t	0.28
822	0-&	#_n	0.23
822	I-0	d_l	0
823	E-0	g_s	0.23
824	1-a	#_.	0.23
824	.-r	1_m	0.03
824	?-d	E_I	0.12
824	I-0	?_n	0
825	0-&	#_t	0.23
825	&-0	l_s	0.24
826	h-.	#_&	0.07
826	&-1	h_v	0.29
826	I-0	v_n	0
827	.-0	4_l	0.04
828	&-a	b_N	0.18
828	D-g	N_.	0.44
828	.-l	D_0	0.06
828	I-E	d_S	0.21
829	.-0	k_r	0.04
830	.-l	p_4	0.06
831	C-S	#_a	0.15
831	a-&	C_m	0.23
831	.-l	p_I	0.06
831	I-4	._N	0.28
831	N-n	I_#	0.14
832	.-i	k_&	0.13
832	&-a	._n	0.18
832	j-.	t_E	0.09
832	E-i	j_#	0.28
833	s-z	E_t	0.07
833	t-d	s_I	0.09
833	I-0	t_n	0
834	&-^	d_n	0.28
835	&-E	#_s	0.2
835	4-0	s_k	0.28
836	a-&	h_n	0.23
836	n-l	a_0	0.31
836	l-j	u_u	0.25
836	u-0	l_#	0.28
837	d-v	r_0	0.44
837	.-d	r_#	0.11
838	E-0	m_n	0.23
838	I-4	n_#	0.28
839	0-5	k_r	0.23
839	r-d	0_a	0.29
839	a-&	r_n	0.23
839	n-k	a_#	0.66
840	U-u	k_d	0.29
840	j-.	d_u	0.09
841	I-a	w_k	0.28
841	k-t	I_#	0.16
842	z-s	&_I	0.07
843	4-E	m_k	0.28
843	r-.	0_#	0.04
844	U-^	t_k	0.28
845	.-5	r_#	0.24
846	4-9	n_.	0.3
846	.-r	4_C	0.03
847	&-a	p_.	0.18
847	.-r	&_s	0.03
847	s-T	._I	0.11
847	I-0	s_n	0
848	k-p	#_a	0.24
848	a-^	k_n	0.26
849	d-.	l_#	0.09
850	s-T	#_I	0.11
851	0-I	t_b	0.01
852	O-U	j_r	0.29
852	.-0	r_.	0.04
852	.-g	._w	0.18
854	9-2	f_r	0.3
854	r-.	9_s	0.04
855	.-h	#_a	0.08
855	w-v	r_0	0.08
856	C-J	#_3	0.18
857	.-0	k_l	0.04
857	u-8	l_#	0.29
858	.-I	#_r	0.1
858	E-a	r_k	0.27
859	u-0	n_.	0.28
859	.-w	u_I	0.11
859	I-0	._n	0
860	&-0	k_r	0.24
860	r-.	0_#	0.04
861	9-O	#_r	0.29
862	t-.	#_r	0.07
863	&-4	l_m	0.27
864	^-&	#_?	0.27
864	?-d	^_0	0.12
865	?-d	&_I	0.12
865	.-t	k_#	0.07
866	r-.	a_m	0.04
867	.-I	b_j	0.1
867	j-v	._0	1
868	t-?	n_i	0.21
868	i-I	t_k	0.15
869	^-O	#_D	0.28
869	D-T	^_0	0.23
870	i-0	b_z	0.26
871	f-b	#_i	0.66
872	v-b	#_E	0.18
872	r-l	E_I	0.11
873	.-b	#_w	0.21
873	w-l	._1	0.44
874	&-a	b_?	0.18
875	.-b	#_9	0.21
875	9-u	._r	0.3
876	D-d	i_0	0.05
876	.-r	0_#	0.03
877	.-k	I_s	0.1
878	g-k	#_l	0.11
879	5-a	k_l	0.25
879	l-.	5_d	0.08
880	&-4	r_S	0.27
881	w-r	s_9	0.21
881	9-5	w_r	0.3
881	r-.	9_d	0.04
882	^-5	r_g	0.28
883	b-d	#_l	0.38
883	l-.	b_u	0.08
884	h-.	#_6	0.07
885	S-.	#_E	0.52
886	.-i	#_p	0.13
887	i-0	n_k	0.26
888	i-E	#_r	0.29
889	k-f	#_&	0.44
890	s-.	#_p	0.1
890	p-f	s_i	0.23
891	b-f	#_I	0.38
892	v-f	#_1	0.14
893	p-f	#_.	0.23
893	.-l	p_i	0.06
894	.-l	f_O	0.06
895	d-.	n_#	0.09
896	.-I	n_?	0.1
896	?-t	._0	0.17
897	r-l	g_&	0.11
898	.-t	f_#	0.07
899	5-^	g_s	0.29
900	h-.	#_7	0.07
901	a-9	h_r	0.29
902	&-I	h_p	0.28
903	f-h	#_&	0.38
903	&-a	f_m	0.18
904	O-2	h_r	0.29
904	r-.	O_s	0.04
905	a-9	h_r	0.29
906	g-r	0_r	1
906	r-v	g_0	0.44
907	h-.	#_1	0.07
908	d-J	#_&	0.66
909	.-J	#_E	0.34
910	O-2	J_.	0.29
910	.-l	O_#	0.06
911	I-^	J_N	0.29
912	E-^	J_t	0.26
913	d-l	#_4	0.34
914	0-I	m_n	0.01
914	n-N	0_#	0.19
915	t-?	n_I	0.21
915	I-0	t_l	0
916	b-l	#_I	0.66
917	l-r	0_#	0.13
918	b-l	#_I	0.66
919	a-0	k_s	0.26
920	5-O	l_0	0.28
920	0-.	5_r	0.07
921	J-l	#_^	1
922	n-N	I_t	0.19
922	t-k	n_#	0.14
923	4-0	n_z	0.28
923	z-s	4_0	0.07
923	0-E	z_l	0.26
924	m-n	#_4	0.14
925	t-p	i_#	0.18
926	E-I	n_t	0.2
927	I-0	d_l	0
928	b-n	#_U	0.66
929	p-n	#_5	0.66
930	f-n	#_^	1
931	l-n	#_I	0.23
932	d-.	l_#	0.09
933	l-.	p_E	0.08
933	s-z	E_0	0.07
934	p-f	#_E	0.23
935	r-l	p_I	0.11
936	u-5	p_r	0.3
936	r-.	8_#	0.04
937	l-w	k_I	0.25
938	p-b	&_I	0.14
938	d-t	I_#	0.11
939	E-&	r_k	0.19
939	0-u	k_n	0.26
940	g-.	#_r	0.38
940	t-d	4_#	0.09
941	i-4	r_l	0.29
942	n-r	#_6	0.31
943	.-r	#_.	0.03
943	.-I	._m	0.1
944	d-b	u_#	0.21
945	t-.	1_#	0.07
946	E-4	s_l	0.26
947	^-&	s_m	0.27
948	t-k	s_i	0.14
949	.-s	#_t	0.08
949	t-k	._.	0.14
949	.-r	t_5	0.03
950	I-i	s_k	0.1
951	s-S	#_&	0.09
952	.-r	a_k	0.03
953	J-S	#_4	0.38
954	p-k	a_#	0.23
955	.-s	#_.	0.08
955	.-I	._.	0.1
955	.-n	._s	0.1
956	S-s	#_.	0.17
956	.-n	S_O	0.1
957	.-j	n_I	0.1
957	I-0	._S	0
957	S-l	I_#	1
958	4-1	p_s	0.27
959	I-i	t_l	0.1
960	a-O	t_r	0.25
960	t-k	r_#	0.14
961	.-w	s_i	0.11
962	S-s	#_.	0.17
962	.-w	S_I	0.11
963	d-.	r_#	0.09
964	b-T	#_1	1
965	t-T	#_r	0.2
966	T-t	#_I	0.18
967	k-t	#_U	0.16
967	U-^	k_N	0.28
968	r-.	a_?	0.04
969	h-t	#_O	0.44
969	O-8	h_r	0.29
970	d-t	#_.	0.11
970	.-r	d_&	0.03
971	s-.	#_t	0.1
972	d-t	#_r	0.11
973	s-t	#_w	0.44
974	l-v	#_&	0.44
975	&-E	v_s	0.2
976	n-v	#_1	0.66
977	D-v	#_i	0.38
977	r-.	0_#	0.04
978	w-v	#_1	0.08
978	z-s	1_#	0.07
979	b-v	#_2	0.44
980	0-.	r_r	0.07
980	r-.	0_#	0.04
981	h-j	#_a	0.44
982	d-j	#_a	1
987	.-d	5_z	0.11
987	z-s	._k	0.07
987	^-a	k_l	0.21
988	&-4	k_n	0.27
988	0-U	C_#	0.29
989	.-h	#_1	0.08
989	^-a	k_p	0.21
990	I-.	1_n	0.11
990	.-r	0_p	0.03
991	0-4	#_C	0.28
991	.-h	C_i	0.08
992	.-0	r_t	0.04
993	I-0	s_J	0
993	0-I	J_n	0.01
994	.-d	i_#	0.11
995	.-m	0_d	0.14
996	.-0	b_r	0.04
997	0-.	k_l	0.07
998	.-l	k_a	0.06
999	g-k	#_.	0.11
999	.-l	g_a	0.06
1000	E-^	b_g	0.26
1001	0-I	p_r	0.01
1001	r-.	0_z	0.04
1002	p-k	i_#	0.23
1003	m-n	i_s	0.14
1004	O-4	#_l	0.29
1005	k-?	r_I	0.66
1005	t-C	I_E	0.38
1005	E-5	t_k	0.29
1005	t-.	k_#	0.07
1006	s-.	#_t	0.1
1006	t-b	s_I	0.44
1007	.-l	b_5	0.06
1008	E-1	r_d	0.3
1009	d-p	r_#	0.44
1010	s-v	n_0	1
1010	v-s	r_4	0.66
1011	.-k	#_r	0.1
1011	.-z	n_#	0.25
1012	p-t	^_#	0.31
1013	z-s	4_#	0.07
1014	D-d	#_0	0.05
1014	j-.	n_0	0.09
1014	0-i	j_.	0.3
1014	.-r	0_#	0.03
1015	f-d	#_a	1
1016	E-i	#_r	0.29
1016	r-.	0_#	0.04
1017	n-f	#_&	0.66
1017	&-9	n_.	0.29
1017	.-r	&_C	0.03
1017	C-t	._0	0.38
1017	0-.	C_r	0.07
1017	r-.	0_0	0.04
1017	0-I	r_l	0.01
1018	.-l	f_4	0.06
1019	r-l	f_u	0.11
1020	E-&	g_s	0.19
1021	b-g	#_r	0.31
1022	l-g	#_^	1
1023	n-m	&_d	0.11
1023	d-.	n_z	0.09
1024	b-h	#_9	1
1025	m-h	#_^	0.52
1026	&-I	#_n	0.28
1026	I-0	?_.	0
1026	.-r	I_l	0.03
1026	.-0	p_.	0.04
1026	.-r	._#	0.03
1027	d-l	#_4	0.34
1028	J-Z	i_0	0.31
1029	O-u	l_r	0.29
1029	r-.	O_d	0.04
1030	t-.	1_s	0.07
1031	9-3	l_r	0.29
1031	r-.	9_n	0.04
1032	.-l	#_I	0.06
1033	I-0	m_l	0
1033	.-s	0_#	0.08
1034	.-v	8_.	0.34
1034	.-0	._r	0.04
1035	d-.	n_z	0.09
1036	m-n	#_4	0.14
1037	.-d	u_z	0.11
1038	J-.	#_5	0.52
1039	r-p	#_4	0.52
1040	?-k	r_I	0.66
1041	l-r	0_.	0.13
1041	.-z	l_#	0.25
1042	.-p	#_r	0.16
1043	k-p	#_^	0.24
1044	^-u	r_b	0.28
1045	U-^	r_m	0.28
1046	n-.	0_I	0.1
1046	I-.	n_N	0.11
1046	N-n	I_z	0.14
1047	p-v	r_0	0.66
1048	t-s	#_r	0.34
1048	r-n	t_4	0.29
1049	t-n	s_I	0.34
1050	r-.	O_k	0.04
1051	.-s	#_.	0.08
1051	.-t	._r	0.07
1052	4-i	t_l	0.27
1053	k-.	N_#	0.18
1054	f-t	#_u	1
1055	.-t	f_.	0.07
1055	.-s	._#	0.08
1056	&-^	#_.	0.28
1056	.-N	&_k	0.38
1057	t-.	#_9	0.07
1058	E-&	v_s	0.19
1059	l-v	#_I	0.44
1060	9-I	v_r	0.29
1060	r-.	9_J	0.04
1061	k-d	r_#	0.52
1062	b-w	#_9	0.66
1063	f-j	#_u	1
1064	0-1	?_#	0.29
1065	w-v	i_i	0.08
1066	h-.	l_i	0.07
1067	.-t	k_#	0.07
1068	&-4	#_n	0.27
1069	9-7	#_r	0.3
1070	.-d	n_z	0.11
1071	i-4	b_t	0.28
1072	t-d	i_#	0.09
1073	.-r	i_#	0.03
1074	9-1	g_r	0.29
1074	r-.	9_l	0.04
1075	.-b	#_E	0.21
1076	m-b	#_1	0.44
1077	t-s	k_#	0.34
1078	r-l	b_i	0.11
1079	5-2	l_z	0.29
1080	p-b	#_r	0.14
1081	p-b	#_U	0.14
1082	g-k	#_a	0.11
1082	a-O	g_?	0.25
1083	.-0	k_w	0.04
1083	w-v	._O	0.08
1084	S-C	#_&	0.19
1085	l-k	#_a	0.66
1086	p-k	#_r	0.23
1087	g-k	#_.	0.11
1087	.-r	g_5	0.03
1088	.-k	#_l	0.1
1088	l-r	._^	0.13
1089	O-^	k_l	0.28
1090	D-d	#_0	0.05
1090	0-I	D_p	0.01
1091	D-d	#_0	0.05
1091	0-I	D_p	0.01
1092	k-d	#_r	0.52
1093	l-.	#_9	0.08
1094	b-.	#_i	0.21
1095	.-i	#_l	0.13
1096	1-E	#_l	0.28
1097	.-i	#_l	0.13
1098	I-E	#_n	0.21
1098	D-.	5_z	0.13
1099	I-E	#_n	0.21
1099	i-2	d_d	0.3
1099	d-.	i_#	0.09
1100	h-.	#_&	0.07
1100	&-E	h_v	0.2
1100	0-I	v_d	0.01
1100	&-0	d_n	0.24
1101	.-d	l_#	0.11
1102	.-l	f_4	0.06
1103	9-3	f_r	0.29
1103	r-.	9_s	0.04
1104	0-O	f_r	0.27
1104	g-k	r_.	0.11
1104	.-l	g_I	0.06
1104	v-f	I_.	0.14
1104	.-t	v_#	0.07
1105	t-f	#_r	0.52
1106	l-r	g_5	0.13
1107	b-g	#_l	0.31
1107	l-r	b_5	0.13
1108	t-d	r_#	0.09
1109	.-h	#_j	0.08
1110	.-I	#_w	0.1
1110	w-m	._9	1
1111	h-.	#_I	0.07
1111	O-0	m_r	0.25
1111	r-.	O_l	0.04
1112	n-m	I_p	0.11
1113	E-4	h_l	0.26
1114	&-I	h_b	0.28
1115	m-n	I_&	0.14
1115	&-a	m_k	0.18
1115	I-4	l_t	0.28
1116	0-I	#_.	0.01
1116	.-n	0_s	0.1
1117	0-.	J_&	0.07
1117	v-b	&_#	0.18
1118	C-J	#_5	0.18
1119	1-&	l_k	0.22
1120	f-T	&_#	0.44
1121	v-s	i_#	0.66
1122	m-l	#_E	0.38
1123	t-l	#_a	0.38
1124	n-m	#_4	0.11
1125	r-n	#_i	0.29
1126	O-0	d_l	0.25
1127	t-d	a_#	0.09
1128	.-p	#_4	0.16
1129	b-p	#_a	0.16
1130	&-a	p_.	0.18
1130	.-r	&_s	0.03
1131	0-.	#_p	0.07
1131	a-O	p_n	0.25
1132	j-p	#_a	1
1133	l-p	#_^	1
1134	p-.	#_r	0.24
1135	.-r	#_4	0.03
1136	j-.	z_0	0.09
1137	w-r	#_i	0.21
1138	m-r	#_i	0.66
1139	k-p	&_s	0.24
1140	E-i	p_n	0.28
1140	n-.	E_t	0.1
1141	u-3	r_l	0.3
1142	5-u	r_m	0.27
1143	S-s	#_i	0.17
1144	T-s	#_I	0.25
1145	.-s	#_k	0.08
1146	t-s	#_.	0.34
1146	.-l	t_4	0.06
1147	.-l	s_I	0.06
1148	O-5	n_r	0.26
1148	r-.	O_#	0.04
1149	T-s	#_.	0.25
1149	.-t	T_I	0.07
1150	.-r	t_4	0.03
1151	.-s	#_.	0.08
1151	.-t	._l	0.07
1151	l-r	._1	0.13
1152	4-&	t_k	0.27
1153	s-T	#_I	0.11
1154	s-T	#_^	0.11
1155	w-.	t_I	0.13
1156	k-t	#_r	0.16
1157	^-I	r_s	0.27
1158	a-^	#_n	0.26
1158	D-d	n_0	0.05
1159	0-^	#_n	0.28
1159	D-d	n_.	0.05
1159	.-j	D_0	0.1
1160	w-v	#_E	0.08
1160	t-?	n_I	0.21
1160	I-0	t_l	0
1161	w-v	#_E	0.08
1161	?-C	n_0	0.66
1161	.-r	0_#	0.03
1162	t-d	n_#	0.09
1163	r-w	#_4	0.14
1164	r-w	#_E	0.14
1165	S-w	#_1	1
1166	.-t	l_#	0.07
1167	O-0	w_r	0.25
1168	u-.	j_r	1
1168	r-.	8_a	0.04
1168	a-O	r_n	0.25
1169	.-j	#_9	0.1
1170	r-j	#_a	0.66
1170	D-d	n_0	0.05
1171	s-z	#_I	0.07
1172	.-d	n_s	0.11
1173	s-S	#_E	0.09
1173	E-7	s_r	0.29
1174	r-.	f_i	0.04
1175	T-t	#_r	0.18
1175	5-^	r_s	0.29
1175	.-0	5_n	0.04
1176	?-C	a_0	0.66
1177	.-r	O_k	0.03
1178	.-l	b_5	0.06
1179	s-J	#_I	0.38
1180	i-I	#_.	0.15
1180	.-n	i_v	0.1
1181	h-.	#_5	0.07
1181	I-0	p_n	0
1182	D-z	#_0	0.34
1182	0-i	D_b	0.24
1182	a-0	r_#	0.26
